id,kode_provinsi,nama_provinsi,bps_kode_kabupaten_kota,bps_nama_kabupaten_kota,bps_kode_kecamatan,bps_nama_kecamatan,KODE_KEC,kemendagri_nama_kecamatan,jenis_bansos,jumlah_kpm,satuan,tahun
1,32,JAWA BARAT,3273,KOTA BANDUNG,3273180,ANDIR,32.73.05,ANDIR,BPNT,3565,KELUARGA,2021
2,32,JAWA BARAT,3273,KOTA BANDUNG,3273180,ANDIR,32.73.05,ANDIR,PKH,1646,KELUARGA,2021
3,32,JAWA BARAT,3273,KOTA BANDUNG,3273180,ANDIR,32.73.05,ANDIR,BPNT-PKM,6,KELUARGA,2021
4,32,JAWA BARAT,3273,KOTA BANDUNG,3273180,ANDIR,32.73.05,ANDIR,PBI-JK,15427,KELUARGA,2021
5,32,JAWA BARAT,3273,KOTA BANDUNG,3273141,ANTAPANI,32.73.20,ANTAPANI,BPNT,1766,KELUARGA,2021
6,32,JAWA BARAT,3273,KOTA BANDUNG,3273141,ANTAPANI,32.73.20,ANTAPANI,PKH,834,KELUARGA,2021
7,32,JAWA BARAT,3273,KOTA BANDUNG,3273141,ANTAPANI,32.73.20,ANTAPANI,BPNT-PKM,4,KELUARGA,2021
8,32,JAWA BARAT,3273,KOTA BANDUNG,3273141,ANTAPANI,32.73.20,ANTAPANI,PBI-JK,6625,KELUARGA,2021
9,32,JAWA BARAT,3273,KOTA BANDUNG,3273130,ARCAMANIK,32.73.24,ARCAMANIK,BPNT,2574,KELUARGA,2021
10,32,JAWA BARAT,3273,KOTA BANDUNG,3273130,ARCAMANIK,32.73.24,ARCAMANIK,PKH,1212,KELUARGA,2021
11,32,JAWA BARAT,3273,KOTA BANDUNG,3273130,ARCAMANIK,32.73.24,ARCAMANIK,BPNT-PKM,4,KELUARGA,2021
12,32,JAWA BARAT,3273,KOTA BANDUNG,3273130,ARCAMANIK,32.73.24,ARCAMANIK,PBI-JK,9248,KELUARGA,2021
13,32,JAWA BARAT,3273,KOTA BANDUNG,3273050,ASTANAANYAR,32.73.10,ASTANA ANYAR,BPNT,2406,KELUARGA,2021
14,32,JAWA BARAT,3273,KOTA BANDUNG,3273050,ASTANAANYAR,32.73.10,ASTANA ANYAR,PKH,1159,KELUARGA,2021
15,32,JAWA BARAT,3273,KOTA BANDUNG,3273050,ASTANAANYAR,32.73.10,ASTANA ANYAR,BPNT-PKM,6,KELUARGA,2021
16,32,JAWA BARAT,3273,KOTA BANDUNG,3273050,ASTANAANYAR,32.73.10,ASTANA ANYAR,PBI-JK,10437,KELUARGA,2021
17,32,JAWA BARAT,3273,KOTA BANDUNG,3273020,BABAKAN CIPARAY,32.73.03,BABAKAN CIPARAY,BPNT,6288,KELUARGA,2021
18,32,JAWA BARAT,3273,KOTA BANDUNG,3273020,BABAKAN CIPARAY,32.73.03,BABAKAN CIPARAY,PKH,3467,KELUARGA,2021
19,32,JAWA BARAT,3273,KOTA BANDUNG,3273020,BABAKAN CIPARAY,32.73.03,BABAKAN CIPARAY,BPNT-PKM,6,KELUARGA,2021
20,32,JAWA BARAT,3273,KOTA BANDUNG,3273020,BABAKAN CIPARAY,32.73.03,BABAKAN CIPARAY,PBI-JK,27180,KELUARGA,2021
21,32,JAWA BARAT,3273,KOTA BANDUNG,3273080,BANDUNG KIDUL,32.73.21,BANDUNG KIDUL,BPNT,2329,KELUARGA,2021
22,32,JAWA BARAT,3273,KOTA BANDUNG,3273080,BANDUNG KIDUL,32.73.21,BANDUNG KIDUL,PKH,1321,KELUARGA,2021
23,32,JAWA BARAT,3273,KOTA BANDUNG,3273080,BANDUNG KIDUL,32.73.21,BANDUNG KIDUL,BPNT-PKM,4,KELUARGA,2021
24,32,JAWA BARAT,3273,KOTA BANDUNG,3273080,BANDUNG KIDUL,32.73.21,BANDUNG KIDUL,PBI-JK,9487,KELUARGA,2021
25,32,JAWA BARAT,3273,KOTA BANDUNG,3273010,BANDUNG KULON,32.73.15,BANDUNG KULON,BPNT,5716,KELUARGA,2021
26,32,JAWA BARAT,3273,KOTA BANDUNG,3273010,BANDUNG KULON,32.73.15,BANDUNG KULON,PKH,3372,KELUARGA,2021
27,32,JAWA BARAT,3273,KOTA BANDUNG,3273010,BANDUNG KULON,32.73.15,BANDUNG KULON,BPNT-PKM,8,KELUARGA,2021
28,32,JAWA BARAT,3273,KOTA BANDUNG,3273010,BANDUNG KULON,32.73.15,BANDUNG KULON,PBI-JK,24394,KELUARGA,2021
29,32,JAWA BARAT,3273,KOTA BANDUNG,3273200,BANDUNG WETAN,32.73.09,BANDUNG WETAN,BPNT,698,KELUARGA,2021
30,32,JAWA BARAT,3273,KOTA BANDUNG,3273200,BANDUNG WETAN,32.73.09,BANDUNG WETAN,PKH,313,KELUARGA,2021
31,32,JAWA BARAT,3273,KOTA BANDUNG,3273200,BANDUNG WETAN,32.73.09,BANDUNG WETAN,BPNT-PKM,3,KELUARGA,2021
32,32,JAWA BARAT,3273,KOTA BANDUNG,3273200,BANDUNG WETAN,32.73.09,BANDUNG WETAN,PBI-JK,2949,KELUARGA,2021
33,32,JAWA BARAT,3273,KOTA BANDUNG,3273160,BATUNUNGGAL,32.73.12,BATUNUNGGAL,BPNT,4569,KELUARGA,2021
34,32,JAWA BARAT,3273,KOTA BANDUNG,3273160,BATUNUNGGAL,32.73.12,BATUNUNGGAL,PKH,2387,KELUARGA,2021
35,32,JAWA BARAT,3273,KOTA BANDUNG,3273160,BATUNUNGGAL,32.73.12,BATUNUNGGAL,BPNT-PKM,8,KELUARGA,2021
36,32,JAWA BARAT,3273,KOTA BANDUNG,3273160,BATUNUNGGAL,32.73.12,BATUNUNGGAL,PBI-JK,19533,KELUARGA,2021
37,32,JAWA BARAT,3273,KOTA BANDUNG,3273030,BOJONGLOA KALER,32.73.04,BOJONGLOA KALER,BPNT,7318,KELUARGA,2021
38,32,JAWA BARAT,3273,KOTA BANDUNG,3273030,BOJONGLOA KALER,32.73.04,BOJONGLOA KALER,PKH,3252,KELUARGA,2021
39,32,JAWA BARAT,3273,KOTA BANDUNG,3273030,BOJONGLOA KALER,32.73.04,BOJONGLOA KALER,BPNT-PKM,5,KELUARGA,2021
40,32,JAWA BARAT,3273,KOTA BANDUNG,3273030,BOJONGLOA KALER,32.73.04,BOJONGLOA KALER,PBI-JK,28698,KELUARGA,2021
41,32,JAWA BARAT,3273,KOTA BANDUNG,3273040,BOJONGLOA KIDUL,32.73.17,BOJONGLOA KIDUL,BPNT,4154,KELUARGA,2021
42,32,JAWA BARAT,3273,KOTA BANDUNG,3273040,BOJONGLOA KIDUL,32.73.17,BOJONGLOA KIDUL,PKH,2087,KELUARGA,2021
43,32,JAWA BARAT,3273,KOTA BANDUNG,3273040,BOJONGLOA KIDUL,32.73.17,BOJONGLOA KIDUL,BPNT-PKM,6,KELUARGA,2021
44,32,JAWA BARAT,3273,KOTA BANDUNG,3273040,BOJONGLOA KIDUL,32.73.17,BOJONGLOA KIDUL,PBI-JK,16070,KELUARGA,2021
45,32,JAWA BARAT,3273,KOTA BANDUNG,3273090,BUAHBATU,32.73.22,BUAHBATU,BPNT,3051,KELUARGA,2021
46,32,JAWA BARAT,3273,KOTA BANDUNG,3273090,BUAHBATU,32.73.22,BUAHBATU,PKH,1355,KELUARGA,2021
47,32,JAWA BARAT,3273,KOTA BANDUNG,3273090,BUAHBATU,32.73.22,BUAHBATU,BPNT-PKM,4,KELUARGA,2021
48,32,JAWA BARAT,3273,KOTA BANDUNG,3273090,BUAHBATU,32.73.22,BUAHBATU,PBI-JK,12511,KELUARGA,2021
49,32,JAWA BARAT,3273,KOTA BANDUNG,3273220,CIBEUNYING KALER,32.73.18,CIBEUNYING KALER,BPNT,1743,KELUARGA,2021
50,32,JAWA BARAT,3273,KOTA BANDUNG,3273220,CIBEUNYING KALER,32.73.18,CIBEUNYING KALER,PKH,804,KELUARGA,2021
51,32,JAWA BARAT,3273,KOTA BANDUNG,3273220,CIBEUNYING KALER,32.73.18,CIBEUNYING KALER,BPNT-PKM,4,KELUARGA,2021
52,32,JAWA BARAT,3273,KOTA BANDUNG,3273220,CIBEUNYING KALER,32.73.18,CIBEUNYING KALER,PBI-JK,6875,KELUARGA,2021
53,32,JAWA BARAT,3273,KOTA BANDUNG,3273210,CIBEUNYING KIDUL,32.73.14,CIBEUNYING KIDUL,BPNT,3780,KELUARGA,2021
54,32,JAWA BARAT,3273,KOTA BANDUNG,3273210,CIBEUNYING KIDUL,32.73.14,CIBEUNYING KIDUL,PKH,1666,KELUARGA,2021
55,32,JAWA BARAT,3273,KOTA BANDUNG,3273210,CIBEUNYING KIDUL,32.73.14,CIBEUNYING KIDUL,BPNT-PKM,6,KELUARGA,2021
56,32,JAWA BARAT,3273,KOTA BANDUNG,3273210,CIBEUNYING KIDUL,32.73.14,CIBEUNYING KIDUL,PBI-JK,13749,KELUARGA,2021
57,32,JAWA BARAT,3273,KOTA BANDUNG,3273110,CIBIRU,32.73.25,CIBIRU,BPNT,2908,KELUARGA,2021
58,32,JAWA BARAT,3273,KOTA BANDUNG,3273110,CIBIRU,32.73.25,CIBIRU,PKH,1710,KELUARGA,2021
59,32,JAWA BARAT,3273,KOTA BANDUNG,3273110,CIBIRU,32.73.25,CIBIRU,BPNT-PKM,4,KELUARGA,2021
60,32,JAWA BARAT,3273,KOTA BANDUNG,3273110,CIBIRU,32.73.25,CIBIRU,PBI-JK,10787,KELUARGA,2021
61,32,JAWA BARAT,3273,KOTA BANDUNG,3273190,CICENDO,32.73.06,CICENDO,BPNT,2807,KELUARGA,2021
62,32,JAWA BARAT,3273,KOTA BANDUNG,3273190,CICENDO,32.73.06,CICENDO,PKH,1154,KELUARGA,2021
63,32,JAWA BARAT,3273,KOTA BANDUNG,3273190,CICENDO,32.73.06,CICENDO,BPNT-PKM,6,KELUARGA,2021
64,32,JAWA BARAT,3273,KOTA BANDUNG,3273190,CICENDO,32.73.06,CICENDO,PBI-JK,10575,KELUARGA,2021
65,32,JAWA BARAT,3273,KOTA BANDUNG,3273260,CIDADAP,32.73.08,CIDADAP,BPNT,1688,KELUARGA,2021
66,32,JAWA BARAT,3273,KOTA BANDUNG,3273260,CIDADAP,32.73.08,CIDADAP,PKH,625,KELUARGA,2021
67,32,JAWA BARAT,3273,KOTA BANDUNG,3273260,CIDADAP,32.73.08,CIDADAP,BPNT-PKM,3,KELUARGA,2021
68,32,JAWA BARAT,3273,KOTA BANDUNG,3273260,CIDADAP,32.73.08,CIDADAP,PBI-JK,5866,KELUARGA,2021
69,32,JAWA BARAT,3273,KOTA BANDUNG,3273121,CINAMBO,32.73.29,CINAMBO,BPNT,1021,KELUARGA,2021
70,32,JAWA BARAT,3273,KOTA BANDUNG,3273121,CINAMBO,32.73.29,CINAMBO,PKH,471,KELUARGA,2021
71,32,JAWA BARAT,3273,KOTA BANDUNG,3273121,CINAMBO,32.73.29,CINAMBO,BPNT-PKM,4,KELUARGA,2021
72,32,JAWA BARAT,3273,KOTA BANDUNG,3273121,CINAMBO,32.73.29,CINAMBO,PBI-JK,3549,KELUARGA,2021
73,32,JAWA BARAT,3273,KOTA BANDUNG,3273230,COBLONG,32.73.02,COBLONG,BPNT,3432,KELUARGA,2021
74,32,JAWA BARAT,3273,KOTA BANDUNG,3273230,COBLONG,32.73.02,COBLONG,PKH,1598,KELUARGA,2021
75,32,JAWA BARAT,3273,KOTA BANDUNG,3273230,COBLONG,32.73.02,COBLONG,BPNT-PKM,6,KELUARGA,2021
76,32,JAWA BARAT,3273,KOTA BANDUNG,3273230,COBLONG,32.73.02,COBLONG,PBI-JK,14702,KELUARGA,2021
77,32,JAWA BARAT,3273,KOTA BANDUNG,3273101,GEDEBAGE,32.73.27,GEDEBAGE,BPNT,1228,KELUARGA,2021
78,32,JAWA BARAT,3273,KOTA BANDUNG,3273101,GEDEBAGE,32.73.27,GEDEBAGE,PKH,696,KELUARGA,2021
79,32,JAWA BARAT,3273,KOTA BANDUNG,3273101,GEDEBAGE,32.73.27,GEDEBAGE,BPNT-PKM,4,KELUARGA,2021
80,32,JAWA BARAT,3273,KOTA BANDUNG,3273101,GEDEBAGE,32.73.27,GEDEBAGE,PBI-JK,3978,KELUARGA,2021
81,32,JAWA BARAT,3273,KOTA BANDUNG,3273150,KIARACONDONG,32.73.16,KIARACONDONG,BPNT,5200,KELUARGA,2021
82,32,JAWA BARAT,3273,KOTA BANDUNG,3273150,KIARACONDONG,32.73.16,KIARACONDONG,PKH,2220,KELUARGA,2021
83,32,JAWA BARAT,3273,KOTA BANDUNG,3273150,KIARACONDONG,32.73.16,KIARACONDONG,BPNT-PKM,6,KELUARGA,2021
84,32,JAWA BARAT,3273,KOTA BANDUNG,3273150,KIARACONDONG,32.73.16,KIARACONDONG,PBI-JK,19742,KELUARGA,2021
85,32,JAWA BARAT,3273,KOTA BANDUNG,3273070,LENGKONG,32.73.13,LENGKONG,BPNT,1658,KELUARGA,2021
86,32,JAWA BARAT,3273,KOTA BANDUNG,3273070,LENGKONG,32.73.13,LENGKONG,PKH,737,KELUARGA,2021
87,32,JAWA BARAT,3273,KOTA BANDUNG,3273070,LENGKONG,32.73.13,LENGKONG,BPNT-PKM,7,KELUARGA,2021
88,32,JAWA BARAT,3273,KOTA BANDUNG,3273070,LENGKONG,32.73.13,LENGKONG,PBI-JK,7176,KELUARGA,2021
89,32,JAWA BARAT,3273,KOTA BANDUNG,3273142,MANDALAJATI,32.73.30,MANDALAJATI,BPNT,2641,KELUARGA,2021
90,32,JAWA BARAT,3273,KOTA BANDUNG,3273142,MANDALAJATI,32.73.30,MANDALAJATI,PKH,1250,KELUARGA,2021
91,32,JAWA BARAT,3273,KOTA BANDUNG,3273142,MANDALAJATI,32.73.30,MANDALAJATI,BPNT-PKM,4,KELUARGA,2021
92,32,JAWA BARAT,3273,KOTA BANDUNG,3273142,MANDALAJATI,32.73.30,MANDALAJATI,PBI-JK,10301,KELUARGA,2021
93,32,JAWA BARAT,3273,KOTA BANDUNG,3273111,PANYILEUKAN,32.73.28,PANYILEUKAN,BPNT,969,KELUARGA,2021
94,32,JAWA BARAT,3273,KOTA BANDUNG,3273111,PANYILEUKAN,32.73.28,PANYILEUKAN,PKH,473,KELUARGA,2021
95,32,JAWA BARAT,3273,KOTA BANDUNG,3273111,PANYILEUKAN,32.73.28,PANYILEUKAN,BPNT-PKM,4,KELUARGA,2021
96,32,JAWA BARAT,3273,KOTA BANDUNG,3273111,PANYILEUKAN,32.73.28,PANYILEUKAN,PBI-JK,3880,KELUARGA,2021
97,32,JAWA BARAT,3273,KOTA BANDUNG,3273100,RANCASARI,32.73.23,RANCASARI,BPNT,1978,KELUARGA,2021
98,32,JAWA BARAT,3273,KOTA BANDUNG,3273100,RANCASARI,32.73.23,RANCASARI,PKH,1078,KELUARGA,2021
99,32,JAWA BARAT,3273,KOTA BANDUNG,3273100,RANCASARI,32.73.23,RANCASARI,BPNT-PKM,4,KELUARGA,2021
100,32,JAWA BARAT,3273,KOTA BANDUNG,3273100,RANCASARI,32.73.23,RANCASARI,PBI-JK,7410,KELUARGA,2021
101,32,JAWA BARAT,3273,KOTA BANDUNG,3273060,REGOL,32.73.11,REGOL,BPNT,2564,KELUARGA,2021
102,32,JAWA BARAT,3273,KOTA BANDUNG,3273060,REGOL,32.73.11,REGOL,PKH,1202,KELUARGA,2021
103,32,JAWA BARAT,3273,KOTA BANDUNG,3273060,REGOL,32.73.11,REGOL,BPNT-PKM,7,KELUARGA,2021
104,32,JAWA BARAT,3273,KOTA BANDUNG,3273060,REGOL,32.73.11,REGOL,PBI-JK,10634,KELUARGA,2021
105,32,JAWA BARAT,3273,KOTA BANDUNG,3273240,SUKAJADI,32.73.07,SUKAJADI,BPNT,3853,KELUARGA,2021
106,32,JAWA BARAT,3273,KOTA BANDUNG,3273240,SUKAJADI,32.73.07,SUKAJADI,PKH,1881,KELUARGA,2021
107,32,JAWA BARAT,3273,KOTA BANDUNG,3273240,SUKAJADI,32.73.07,SUKAJADI,BPNT-PKM,5,KELUARGA,2021
108,32,JAWA BARAT,3273,KOTA BANDUNG,3273240,SUKAJADI,32.73.07,SUKAJADI,PBI-JK,14531,KELUARGA,2021
109,32,JAWA BARAT,3273,KOTA BANDUNG,3273250,SUKASARI,32.73.01,SUKASARI,BPNT,1572,KELUARGA,2021
110,32,JAWA BARAT,3273,KOTA BANDUNG,3273250,SUKASARI,32.73.01,SUKASARI,PKH,680,KELUARGA,2021
111,32,JAWA BARAT,3273,KOTA BANDUNG,3273250,SUKASARI,32.73.01,SUKASARI,BPNT-PKM,4,KELUARGA,2021
112,32,JAWA BARAT,3273,KOTA BANDUNG,3273250,SUKASARI,32.73.01,SUKASARI,PBI-JK,6273,KELUARGA,2021
113,32,JAWA BARAT,3273,KOTA BANDUNG,3273170,SUMUR BANDUNG,32.73.19,SUMUR BANDUNG,BPNT,823,KELUARGA,2021
114,32,JAWA BARAT,3273,KOTA BANDUNG,3273170,SUMUR BANDUNG,32.73.19,SUMUR BANDUNG,PKH,242,KELUARGA,2021
115,32,JAWA BARAT,3273,KOTA BANDUNG,3273170,SUMUR BANDUNG,32.73.19,SUMUR BANDUNG,BPNT-PKM,4,KELUARGA,2021
116,32,JAWA BARAT,3273,KOTA BANDUNG,3273170,SUMUR BANDUNG,32.73.19,SUMUR BANDUNG,PBI-JK,3199,KELUARGA,2021
117,32,JAWA BARAT,3273,KOTA BANDUNG,3273120,UJUNG BERUNG,32.73.26,UJUNGBERUNG,BPNT,3797,KELUARGA,2021
118,32,JAWA BARAT,3273,KOTA BANDUNG,3273120,UJUNG BERUNG,32.73.26,UJUNGBERUNG,PKH,2147,KELUARGA,2021
119,32,JAWA BARAT,3273,KOTA BANDUNG,3273120,UJUNG BERUNG,32.73.26,UJUNGBERUNG,BPNT-PKM,5,KELUARGA,2021
120,32,JAWA BARAT,3273,KOTA BANDUNG,3273120,UJUNG BERUNG,32.73.26,UJUNGBERUNG,PBI-JK,15382,KELUARGA,2021
121,32,JAWA BARAT,3273,KOTA BANDUNG,3273180,ANDIR,32.73.05,ANDIR,BPNT,4427,KELUARGA,2022
122,32,JAWA BARAT,3273,KOTA BANDUNG,3273180,ANDIR,32.73.05,ANDIR,PKH,1913,KELUARGA,2022
123,32,JAWA BARAT,3273,KOTA BANDUNG,3273180,ANDIR,32.73.05,ANDIR,PBI-JK,17878,KELUARGA,2022
124,32,JAWA BARAT,3273,KOTA BANDUNG,3273141,ANTAPANI,32.73.20,ANTAPANI,BPNT,1691,KELUARGA,2022
125,32,JAWA BARAT,3273,KOTA BANDUNG,3273141,ANTAPANI,32.73.20,ANTAPANI,PKH,868,KELUARGA,2022
126,32,JAWA BARAT,3273,KOTA BANDUNG,3273141,ANTAPANI,32.73.20,ANTAPANI,PBI-JK,7592,KELUARGA,2022
127,32,JAWA BARAT,3273,KOTA BANDUNG,3273130,ARCAMANIK,32.73.24,ARCAMANIK,BPNT,2452,KELUARGA,2022
128,32,JAWA BARAT,3273,KOTA BANDUNG,3273130,ARCAMANIK,32.73.24,ARCAMANIK,PKH,1205,KELUARGA,2022
129,32,JAWA BARAT,3273,KOTA BANDUNG,3273130,ARCAMANIK,32.73.24,ARCAMANIK,PBI-JK,10743,KELUARGA,2022
130,32,JAWA BARAT,3273,KOTA BANDUNG,3273050,ASTANAANYAR,32.73.10,ASTANA ANYAR,BPNT,2188,KELUARGA,2022
131,32,JAWA BARAT,3273,KOTA BANDUNG,3273050,ASTANAANYAR,32.73.10,ASTANA ANYAR,PKH,1093,KELUARGA,2022
132,32,JAWA BARAT,3273,KOTA BANDUNG,3273050,ASTANAANYAR,32.73.10,ASTANA ANYAR,PBI-JK,11928,KELUARGA,2022
133,32,JAWA BARAT,3273,KOTA BANDUNG,3273020,BABAKAN CIPARAY,32.73.03,BABAKAN CIPARAY,BPNT,7416,KELUARGA,2022
134,32,JAWA BARAT,3273,KOTA BANDUNG,3273020,BABAKAN CIPARAY,32.73.03,BABAKAN CIPARAY,PKH,3470,KELUARGA,2022
135,32,JAWA BARAT,3273,KOTA BANDUNG,3273020,BABAKAN CIPARAY,32.73.03,BABAKAN CIPARAY,PBI-JK,31468,KELUARGA,2022
136,32,JAWA BARAT,3273,KOTA BANDUNG,3273080,BANDUNG KIDUL,32.73.21,BANDUNG KIDUL,BPNT,2190,KELUARGA,2022
137,32,JAWA BARAT,3273,KOTA BANDUNG,3273080,BANDUNG KIDUL,32.73.21,BANDUNG KIDUL,PKH,1273,KELUARGA,2022
138,32,JAWA BARAT,3273,KOTA BANDUNG,3273080,BANDUNG KIDUL,32.73.21,BANDUNG KIDUL,PBI-JK,10405,KELUARGA,2022
139,32,JAWA BARAT,3273,KOTA BANDUNG,3273010,BANDUNG KULON,32.73.15,BANDUNG KULON,BPNT,5391,KELUARGA,2022
140,32,JAWA BARAT,3273,KOTA BANDUNG,3273010,BANDUNG KULON,32.73.15,BANDUNG KULON,PKH,3060,KELUARGA,2022
141,32,JAWA BARAT,3273,KOTA BANDUNG,3273010,BANDUNG KULON,32.73.15,BANDUNG KULON,PBI-JK,27678,KELUARGA,2022
142,32,JAWA BARAT,3273,KOTA BANDUNG,3273200,BANDUNG WETAN,32.73.09,BANDUNG WETAN,BPNT,829,KELUARGA,2022
143,32,JAWA BARAT,3273,KOTA BANDUNG,3273200,BANDUNG WETAN,32.73.09,BANDUNG WETAN,PKH,451,KELUARGA,2022
144,32,JAWA BARAT,3273,KOTA BANDUNG,3273200,BANDUNG WETAN,32.73.09,BANDUNG WETAN,PBI-JK,3368,KELUARGA,2022
145,32,JAWA BARAT,3273,KOTA BANDUNG,3273160,BATUNUNGGAL,32.73.12,BATUNUNGGAL,BPNT,4328,KELUARGA,2022
146,32,JAWA BARAT,3273,KOTA BANDUNG,3273160,BATUNUNGGAL,32.73.12,BATUNUNGGAL,PKH,2341,KELUARGA,2022
147,32,JAWA BARAT,3273,KOTA BANDUNG,3273160,BATUNUNGGAL,32.73.12,BATUNUNGGAL,PBI-JK,21677,KELUARGA,2022
148,32,JAWA BARAT,3273,KOTA BANDUNG,3273030,BOJONGLOA KALER,32.73.04,BOJONGLOA KALER,BPNT,8475,KELUARGA,2022
149,32,JAWA BARAT,3273,KOTA BANDUNG,3273030,BOJONGLOA KALER,32.73.04,BOJONGLOA KALER,PKH,3671,KELUARGA,2022
150,32,JAWA BARAT,3273,KOTA BANDUNG,3273030,BOJONGLOA KALER,32.73.04,BOJONGLOA KALER,PBI-JK,34688,KELUARGA,2022
151,32,JAWA BARAT,3273,KOTA BANDUNG,3273040,BOJONGLOA KIDUL,32.73.17,BOJONGLOA KIDUL,BPNT,3856,KELUARGA,2022
152,32,JAWA BARAT,3273,KOTA BANDUNG,3273040,BOJONGLOA KIDUL,32.73.17,BOJONGLOA KIDUL,PKH,2065,KELUARGA,2022
153,32,JAWA BARAT,3273,KOTA BANDUNG,3273040,BOJONGLOA KIDUL,32.73.17,BOJONGLOA KIDUL,PBI-JK,18011,KELUARGA,2022
154,32,JAWA BARAT,3273,KOTA BANDUNG,3273090,BUAHBATU,32.73.22,BUAHBATU,BPNT,3012,KELUARGA,2022
155,32,JAWA BARAT,3273,KOTA BANDUNG,3273090,BUAHBATU,32.73.22,BUAHBATU,PKH,1385,KELUARGA,2022
156,32,JAWA BARAT,3273,KOTA BANDUNG,3273090,BUAHBATU,32.73.22,BUAHBATU,PBI-JK,13937,KELUARGA,2022
157,32,JAWA BARAT,3273,KOTA BANDUNG,3273220,CIBEUNYING KALER,32.73.18,CIBEUNYING KALER,BPNT,1859,KELUARGA,2022
158,32,JAWA BARAT,3273,KOTA BANDUNG,3273220,CIBEUNYING KALER,32.73.18,CIBEUNYING KALER,PKH,959,KELUARGA,2022
159,32,JAWA BARAT,3273,KOTA BANDUNG,3273220,CIBEUNYING KALER,32.73.18,CIBEUNYING KALER,PBI-JK,7911,KELUARGA,2022
160,32,JAWA BARAT,3273,KOTA BANDUNG,3273210,CIBEUNYING KIDUL,32.73.14,CIBEUNYING KIDUL,BPNT,3573,KELUARGA,2022
161,32,JAWA BARAT,3273,KOTA BANDUNG,3273210,CIBEUNYING KIDUL,32.73.14,CIBEUNYING KIDUL,PKH,1943,KELUARGA,2022
162,32,JAWA BARAT,3273,KOTA BANDUNG,3273210,CIBEUNYING KIDUL,32.73.14,CIBEUNYING KIDUL,PBI-JK,15364,KELUARGA,2022
163,32,JAWA BARAT,3273,KOTA BANDUNG,3273110,CIBIRU,32.73.25,CIBIRU,BPNT,2784,KELUARGA,2022
164,32,JAWA BARAT,3273,KOTA BANDUNG,3273110,CIBIRU,32.73.25,CIBIRU,PKH,1648,KELUARGA,2022
165,32,JAWA BARAT,3273,KOTA BANDUNG,3273110,CIBIRU,32.73.25,CIBIRU,PBI-JK,12331,KELUARGA,2022
166,32,JAWA BARAT,3273,KOTA BANDUNG,3273190,CICENDO,32.73.06,CICENDO,BPNT,3539,KELUARGA,2022
167,32,JAWA BARAT,3273,KOTA BANDUNG,3273190,CICENDO,32.73.06,CICENDO,PKH,1452,KELUARGA,2022
168,32,JAWA BARAT,3273,KOTA BANDUNG,3273190,CICENDO,32.73.06,CICENDO,PBI-JK,12684,KELUARGA,2022
169,32,JAWA BARAT,3273,KOTA BANDUNG,3273260,CIDADAP,32.73.08,CIDADAP,BPNT,2126,KELUARGA,2022
170,32,JAWA BARAT,3273,KOTA BANDUNG,3273260,CIDADAP,32.73.08,CIDADAP,PKH,880,KELUARGA,2022
171,32,JAWA BARAT,3273,KOTA BANDUNG,3273260,CIDADAP,32.73.08,CIDADAP,PBI-JK,6827,KELUARGA,2022
172,32,JAWA BARAT,3273,KOTA BANDUNG,3273121,CINAMBO,32.73.29,CINAMBO,BPNT,1227,KELUARGA,2022
173,32,JAWA BARAT,3273,KOTA BANDUNG,3273121,CINAMBO,32.73.29,CINAMBO,PKH,622,KELUARGA,2022
174,32,JAWA BARAT,3273,KOTA BANDUNG,3273121,CINAMBO,32.73.29,CINAMBO,PBI-JK,4170,KELUARGA,2022
175,32,JAWA BARAT,3273,KOTA BANDUNG,3273230,COBLONG,32.73.02,COBLONG,BPNT,4061,KELUARGA,2022
176,32,JAWA BARAT,3273,KOTA BANDUNG,3273230,COBLONG,32.73.02,COBLONG,PKH,1799,KELUARGA,2022
177,32,JAWA BARAT,3273,KOTA BANDUNG,3273230,COBLONG,32.73.02,COBLONG,PBI-JK,16713,KELUARGA,2022
178,32,JAWA BARAT,3273,KOTA BANDUNG,3273101,GEDEBAGE,32.73.27,GEDEBAGE,BPNT,1216,KELUARGA,2022
179,32,JAWA BARAT,3273,KOTA BANDUNG,3273101,GEDEBAGE,32.73.27,GEDEBAGE,PKH,670,KELUARGA,2022
180,32,JAWA BARAT,3273,KOTA BANDUNG,3273101,GEDEBAGE,32.73.27,GEDEBAGE,PBI-JK,4526,KELUARGA,2022
181,32,JAWA BARAT,3273,KOTA BANDUNG,3273150,KIARACONDONG,32.73.16,KIARACONDONG,BPNT,5119,KELUARGA,2022
182,32,JAWA BARAT,3273,KOTA BANDUNG,3273150,KIARACONDONG,32.73.16,KIARACONDONG,PKH,2391,KELUARGA,2022
183,32,JAWA BARAT,3273,KOTA BANDUNG,3273150,KIARACONDONG,32.73.16,KIARACONDONG,PBI-JK,23076,KELUARGA,2022
184,32,JAWA BARAT,3273,KOTA BANDUNG,3273070,LENGKONG,32.73.13,LENGKONG,BPNT,1735,KELUARGA,2022
185,32,JAWA BARAT,3273,KOTA BANDUNG,3273070,LENGKONG,32.73.13,LENGKONG,PKH,749,KELUARGA,2022
186,32,JAWA BARAT,3273,KOTA BANDUNG,3273070,LENGKONG,32.73.13,LENGKONG,PBI-JK,8209,KELUARGA,2022
187,32,JAWA BARAT,3273,KOTA BANDUNG,3273142,MANDALAJATI,32.73.30,MANDALAJATI,BPNT,2590,KELUARGA,2022
188,32,JAWA BARAT,3273,KOTA BANDUNG,3273142,MANDALAJATI,32.73.30,MANDALAJATI,PKH,1279,KELUARGA,2022
189,32,JAWA BARAT,3273,KOTA BANDUNG,3273142,MANDALAJATI,32.73.30,MANDALAJATI,PBI-JK,11906,KELUARGA,2022
190,32,JAWA BARAT,3273,KOTA BANDUNG,3273111,PANYILEUKAN,32.73.28,PANYILEUKAN,BPNT,1098,KELUARGA,2022
191,32,JAWA BARAT,3273,KOTA BANDUNG,3273111,PANYILEUKAN,32.73.28,PANYILEUKAN,PKH,493,KELUARGA,2022
192,32,JAWA BARAT,3273,KOTA BANDUNG,3273111,PANYILEUKAN,32.73.28,PANYILEUKAN,PBI-JK,4384,KELUARGA,2022
193,32,JAWA BARAT,3273,KOTA BANDUNG,3273100,RANCASARI,32.73.23,RANCASARI,BPNT,1903,KELUARGA,2022
194,32,JAWA BARAT,3273,KOTA BANDUNG,3273100,RANCASARI,32.73.23,RANCASARI,PKH,1036,KELUARGA,2022
195,32,JAWA BARAT,3273,KOTA BANDUNG,3273100,RANCASARI,32.73.23,RANCASARI,PBI-JK,8389,KELUARGA,2022
196,32,JAWA BARAT,3273,KOTA BANDUNG,3273060,REGOL,32.73.11,REGOL,BPNT,2504,KELUARGA,2022
197,32,JAWA BARAT,3273,KOTA BANDUNG,3273060,REGOL,32.73.11,REGOL,PKH,1244,KELUARGA,2022
198,32,JAWA BARAT,3273,KOTA BANDUNG,3273060,REGOL,32.73.11,REGOL,PBI-JK,11546,KELUARGA,2022
199,32,JAWA BARAT,3273,KOTA BANDUNG,3273240,SUKAJADI,32.73.07,SUKAJADI,BPNT,5079,KELUARGA,2022
200,32,JAWA BARAT,3273,KOTA BANDUNG,3273240,SUKAJADI,32.73.07,SUKAJADI,PKH,2258,KELUARGA,2022
201,32,JAWA BARAT,3273,KOTA BANDUNG,3273240,SUKAJADI,32.73.07,SUKAJADI,PBI-JK,20262,KELUARGA,2022
202,32,JAWA BARAT,3273,KOTA BANDUNG,3273250,SUKASARI,32.73.01,SUKASARI,BPNT,2229,KELUARGA,2022
203,32,JAWA BARAT,3273,KOTA BANDUNG,3273250,SUKASARI,32.73.01,SUKASARI,PKH,861,KELUARGA,2022
204,32,JAWA BARAT,3273,KOTA BANDUNG,3273250,SUKASARI,32.73.01,SUKASARI,PBI-JK,8647,KELUARGA,2022
205,32,JAWA BARAT,3273,KOTA BANDUNG,3273170,SUMUR BANDUNG,32.73.19,SUMUR BANDUNG,BPNT,993,KELUARGA,2022
206,32,JAWA BARAT,3273,KOTA BANDUNG,3273170,SUMUR BANDUNG,32.73.19,SUMUR BANDUNG,PKH,372,KELUARGA,2022
207,32,JAWA BARAT,3273,KOTA BANDUNG,3273170,SUMUR BANDUNG,32.73.19,SUMUR BANDUNG,PBI-JK,3671,KELUARGA,2022
208,32,JAWA BARAT,3273,KOTA BANDUNG,3273120,UJUNG BERUNG,32.73.26,UJUNGBERUNG,BPNT,3202,KELUARGA,2022
209,32,JAWA BARAT,3273,KOTA BANDUNG,3273120,UJUNG BERUNG,32.73.26,UJUNGBERUNG,PKH,2096,KELUARGA,2022
210,32,JAWA BARAT,3273,KOTA BANDUNG,3273120,UJUNG BERUNG,32.73.26,UJUNGBERUNG,PBI-JK,16438,KELUARGA,2022
211,32,JAWA BARAT,3273,KOTA BANDUNG,3273180,ANDIR,32.73.05,ANDIR,BPNT,4571,KELUARGA,2023
212,32,JAWA BARAT,3273,KOTA BANDUNG,3273180,ANDIR,32.73.05,ANDIR,PBI-JK,20746,KELUARGA,2023
213,32,JAWA BARAT,3273,KOTA BANDUNG,3273180,ANDIR,32.73.05,ANDIR,PKH,1924,KELUARGA,2023
214,32,JAWA BARAT,3273,KOTA BANDUNG,3273141,ANTAPANI,32.73.20,ANTAPANI,BPNT,1733,KELUARGA,2023
215,32,JAWA BARAT,3273,KOTA BANDUNG,3273141,ANTAPANI,32.73.20,ANTAPANI,PBI-JK,8347,KELUARGA,2023
216,32,JAWA BARAT,3273,KOTA BANDUNG,3273141,ANTAPANI,32.73.20,ANTAPANI,PKH,829,KELUARGA,2023
217,32,JAWA BARAT,3273,KOTA BANDUNG,3273130,ARCAMANIK,32.73.24,ARCAMANIK,BPNT,2470,KELUARGA,2023
218,32,JAWA BARAT,3273,KOTA BANDUNG,3273130,ARCAMANIK,32.73.24,ARCAMANIK,PBI-JK,11920,KELUARGA,2023
219,32,JAWA BARAT,3273,KOTA BANDUNG,3273130,ARCAMANIK,32.73.24,ARCAMANIK,PKH,1191,KELUARGA,2023
220,32,JAWA BARAT,3273,KOTA BANDUNG,3273050,ASTANAANYAR,32.73.10,ASTANA ANYAR,BPNT,2453,KELUARGA,2023
221,32,JAWA BARAT,3273,KOTA BANDUNG,3273050,ASTANAANYAR,32.73.10,ASTANA ANYAR,PBI-JK,12482,KELUARGA,2023
222,32,JAWA BARAT,3273,KOTA BANDUNG,3273050,ASTANAANYAR,32.73.10,ASTANA ANYAR,PKH,1107,KELUARGA,2023
223,32,JAWA BARAT,3273,KOTA BANDUNG,3273020,BABAKAN CIPARAY,32.73.03,BABAKAN CIPARAY,BPNT,7560,KELUARGA,2023
224,32,JAWA BARAT,3273,KOTA BANDUNG,3273020,BABAKAN CIPARAY,32.73.03,BABAKAN CIPARAY,PBI-JK,35253,KELUARGA,2023
225,32,JAWA BARAT,3273,KOTA BANDUNG,3273020,BABAKAN CIPARAY,32.73.03,BABAKAN CIPARAY,PKH,3511,KELUARGA,2023
226,32,JAWA BARAT,3273,KOTA BANDUNG,3273080,BANDUNG KIDUL,32.73.21,BANDUNG KIDUL,BPNT,2294,KELUARGA,2023
227,32,JAWA BARAT,3273,KOTA BANDUNG,3273080,BANDUNG KIDUL,32.73.21,BANDUNG KIDUL,PBI-JK,11325,KELUARGA,2023
228,32,JAWA BARAT,3273,KOTA BANDUNG,3273080,BANDUNG KIDUL,32.73.21,BANDUNG KIDUL,PKH,1196,KELUARGA,2023
229,32,JAWA BARAT,3273,KOTA BANDUNG,3273010,BANDUNG KULON,32.73.15,BANDUNG KULON,BPNT,5661,KELUARGA,2023
230,32,JAWA BARAT,3273,KOTA BANDUNG,3273010,BANDUNG KULON,32.73.15,BANDUNG KULON,PBI-JK,29690,KELUARGA,2023
231,32,JAWA BARAT,3273,KOTA BANDUNG,3273010,BANDUNG KULON,32.73.15,BANDUNG KULON,PKH,2865,KELUARGA,2023
232,32,JAWA BARAT,3273,KOTA BANDUNG,3273200,BANDUNG WETAN,32.73.09,BANDUNG WETAN,BPNT,837,KELUARGA,2023
233,32,JAWA BARAT,3273,KOTA BANDUNG,3273200,BANDUNG WETAN,32.73.09,BANDUNG WETAN,PBI-JK,3872,KELUARGA,2023
234,32,JAWA BARAT,3273,KOTA BANDUNG,3273200,BANDUNG WETAN,32.73.09,BANDUNG WETAN,PKH,376,KELUARGA,2023
235,32,JAWA BARAT,3273,KOTA BANDUNG,3273160,BATUNUNGGAL,32.73.12,BATUNUNGGAL,BPNT,4660,KELUARGA,2023
236,32,JAWA BARAT,3273,KOTA BANDUNG,3273160,BATUNUNGGAL,32.73.12,BATUNUNGGAL,PBI-JK,24289,KELUARGA,2023
237,32,JAWA BARAT,3273,KOTA BANDUNG,3273160,BATUNUNGGAL,32.73.12,BATUNUNGGAL,PKH,2147,KELUARGA,2023
238,32,JAWA BARAT,3273,KOTA BANDUNG,3273030,BOJONGLOA KALER,32.73.04,BOJONGLOA KALER,BPNT,8259,KELUARGA,2023
239,32,JAWA BARAT,3273,KOTA BANDUNG,3273030,BOJONGLOA KALER,32.73.04,BOJONGLOA KALER,PBI-JK,36859,KELUARGA,2023
240,32,JAWA BARAT,3273,KOTA BANDUNG,3273030,BOJONGLOA KALER,32.73.04,BOJONGLOA KALER,PKH,3821,KELUARGA,2023
241,32,JAWA BARAT,3273,KOTA BANDUNG,3273040,BOJONGLOA KIDUL,32.73.17,BOJONGLOA KIDUL,BPNT,3995,KELUARGA,2023
242,32,JAWA BARAT,3273,KOTA BANDUNG,3273040,BOJONGLOA KIDUL,32.73.17,BOJONGLOA KIDUL,PBI-JK,19077,KELUARGA,2023
243,32,JAWA BARAT,3273,KOTA BANDUNG,3273040,BOJONGLOA KIDUL,32.73.17,BOJONGLOA KIDUL,PKH,2093,KELUARGA,2023
244,32,JAWA BARAT,3273,KOTA BANDUNG,3273090,BUAHBATU,32.73.22,BUAHBATU,BPNT,3159,KELUARGA,2023
245,32,JAWA BARAT,3273,KOTA BANDUNG,3273090,BUAHBATU,32.73.22,BUAHBATU,PBI-JK,15456,KELUARGA,2023
246,32,JAWA BARAT,3273,KOTA BANDUNG,3273090,BUAHBATU,32.73.22,BUAHBATU,PKH,1532,KELUARGA,2023
247,32,JAWA BARAT,3273,KOTA BANDUNG,3273220,CIBEUNYING KALER,32.73.18,CIBEUNYING KALER,BPNT,1928,KELUARGA,2023
248,32,JAWA BARAT,3273,KOTA BANDUNG,3273220,CIBEUNYING KALER,32.73.18,CIBEUNYING KALER,PBI-JK,9169,KELUARGA,2023
249,32,JAWA BARAT,3273,KOTA BANDUNG,3273220,CIBEUNYING KALER,32.73.18,CIBEUNYING KALER,PKH,914,KELUARGA,2023
250,32,JAWA BARAT,3273,KOTA BANDUNG,3273210,CIBEUNYING KIDUL,32.73.14,CIBEUNYING KIDUL,BPNT,3821,KELUARGA,2023
251,32,JAWA BARAT,3273,KOTA BANDUNG,3273210,CIBEUNYING KIDUL,32.73.14,CIBEUNYING KIDUL,PBI-JK,17991,KELUARGA,2023
252,32,JAWA BARAT,3273,KOTA BANDUNG,3273210,CIBEUNYING KIDUL,32.73.14,CIBEUNYING KIDUL,PKH,1811,KELUARGA,2023
253,32,JAWA BARAT,3273,KOTA BANDUNG,3273110,CIBIRU,32.73.25,CIBIRU,BPNT,2962,KELUARGA,2023
254,32,JAWA BARAT,3273,KOTA BANDUNG,3273110,CIBIRU,32.73.25,CIBIRU,PBI-JK,13731,KELUARGA,2023
255,32,JAWA BARAT,3273,KOTA BANDUNG,3273110,CIBIRU,32.73.25,CIBIRU,PKH,1592,KELUARGA,2023
256,32,JAWA BARAT,3273,KOTA BANDUNG,3273190,CICENDO,32.73.06,CICENDO,BPNT,3564,KELUARGA,2023
257,32,JAWA BARAT,3273,KOTA BANDUNG,3273190,CICENDO,32.73.06,CICENDO,PBI-JK,14770,KELUARGA,2023
258,32,JAWA BARAT,3273,KOTA BANDUNG,3273190,CICENDO,32.73.06,CICENDO,PKH,1472,KELUARGA,2023
259,32,JAWA BARAT,3273,KOTA BANDUNG,3273260,CIDADAP,32.73.08,CIDADAP,BPNT,2103,KELUARGA,2023
260,32,JAWA BARAT,3273,KOTA BANDUNG,3273260,CIDADAP,32.73.08,CIDADAP,PBI-JK,8131,KELUARGA,2023
261,32,JAWA BARAT,3273,KOTA BANDUNG,3273260,CIDADAP,32.73.08,CIDADAP,PKH,958,KELUARGA,2023
262,32,JAWA BARAT,3273,KOTA BANDUNG,3273121,CINAMBO,32.73.29,CINAMBO,BPNT,1179,KELUARGA,2023
263,32,JAWA BARAT,3273,KOTA BANDUNG,3273121,CINAMBO,32.73.29,CINAMBO,PBI-JK,4578,KELUARGA,2023
264,32,JAWA BARAT,3273,KOTA BANDUNG,3273121,CINAMBO,32.73.29,CINAMBO,PKH,520,KELUARGA,2023
265,32,JAWA BARAT,3273,KOTA BANDUNG,3273230,COBLONG,32.73.02,COBLONG,BPNT,4127,KELUARGA,2023
266,32,JAWA BARAT,3273,KOTA BANDUNG,3273230,COBLONG,32.73.02,COBLONG,PBI-JK,18951,KELUARGA,2023
267,32,JAWA BARAT,3273,KOTA BANDUNG,3273230,COBLONG,32.73.02,COBLONG,PKH,1836,KELUARGA,2023
268,32,JAWA BARAT,3273,KOTA BANDUNG,3273101,GEDEBAGE,32.73.27,GEDEBAGE,BPNT,1246,KELUARGA,2023
269,32,JAWA BARAT,3273,KOTA BANDUNG,3273101,GEDEBAGE,32.73.27,GEDEBAGE,PBI-JK,5011,KELUARGA,2023
270,32,JAWA BARAT,3273,KOTA BANDUNG,3273101,GEDEBAGE,32.73.27,GEDEBAGE,PKH,768,KELUARGA,2023
271,32,JAWA BARAT,3273,KOTA BANDUNG,3273150,KIARACONDONG,32.73.16,KIARACONDONG,BPNT,5200,KELUARGA,2023
272,32,JAWA BARAT,3273,KOTA BANDUNG,3273150,KIARACONDONG,32.73.16,KIARACONDONG,PBI-JK,25464,KELUARGA,2023
273,32,JAWA BARAT,3273,KOTA BANDUNG,3273150,KIARACONDONG,32.73.16,KIARACONDONG,PKH,2464,KELUARGA,2023
274,32,JAWA BARAT,3273,KOTA BANDUNG,3273070,LENGKONG,32.73.13,LENGKONG,BPNT,1802,KELUARGA,2023
275,32,JAWA BARAT,3273,KOTA BANDUNG,3273070,LENGKONG,32.73.13,LENGKONG,PBI-JK,8996,KELUARGA,2023
276,32,JAWA BARAT,3273,KOTA BANDUNG,3273070,LENGKONG,32.73.13,LENGKONG,PKH,769,KELUARGA,2023
277,32,JAWA BARAT,3273,KOTA BANDUNG,3273142,MANDALAJATI,32.73.30,MANDALAJATI,BPNT,2629,KELUARGA,2023
278,32,JAWA BARAT,3273,KOTA BANDUNG,3273142,MANDALAJATI,32.73.30,MANDALAJATI,PBI-JK,13520,KELUARGA,2023
279,32,JAWA BARAT,3273,KOTA BANDUNG,3273142,MANDALAJATI,32.73.30,MANDALAJATI,PKH,1301,KELUARGA,2023
280,32,JAWA BARAT,3273,KOTA BANDUNG,3273111,PANYILEUKAN,32.73.28,PANYILEUKAN,BPNT,1067,KELUARGA,2023
281,32,JAWA BARAT,3273,KOTA BANDUNG,3273111,PANYILEUKAN,32.73.28,PANYILEUKAN,PBI-JK,4886,KELUARGA,2023
282,32,JAWA BARAT,3273,KOTA BANDUNG,3273111,PANYILEUKAN,32.73.28,PANYILEUKAN,PKH,437,KELUARGA,2023
283,32,JAWA BARAT,3273,KOTA BANDUNG,3273100,RANCASARI,32.73.23,RANCASARI,BPNT,1966,KELUARGA,2023
284,32,JAWA BARAT,3273,KOTA BANDUNG,3273100,RANCASARI,32.73.23,RANCASARI,PBI-JK,9404,KELUARGA,2023
285,32,JAWA BARAT,3273,KOTA BANDUNG,3273100,RANCASARI,32.73.23,RANCASARI,PKH,955,KELUARGA,2023
286,32,JAWA BARAT,3273,KOTA BANDUNG,3273060,REGOL,32.73.11,REGOL,BPNT,2616,KELUARGA,2023
287,32,JAWA BARAT,3273,KOTA BANDUNG,3273060,REGOL,32.73.11,REGOL,PBI-JK,12418,KELUARGA,2023
288,32,JAWA BARAT,3273,KOTA BANDUNG,3273060,REGOL,32.73.11,REGOL,PKH,1180,KELUARGA,2023
289,32,JAWA BARAT,3273,KOTA BANDUNG,3273240,SUKAJADI,32.73.07,SUKAJADI,BPNT,4961,KELUARGA,2023
290,32,JAWA BARAT,3273,KOTA BANDUNG,3273240,SUKAJADI,32.73.07,SUKAJADI,PBI-JK,19505,KELUARGA,2023
291,32,JAWA BARAT,3273,KOTA BANDUNG,3273240,SUKAJADI,32.73.07,SUKAJADI,PKH,2247,KELUARGA,2023
292,32,JAWA BARAT,3273,KOTA BANDUNG,3273250,SUKASARI,32.73.01,SUKASARI,BPNT,2173,KELUARGA,2023
293,32,JAWA BARAT,3273,KOTA BANDUNG,3273250,SUKASARI,32.73.01,SUKASARI,PBI-JK,9577,KELUARGA,2023
294,32,JAWA BARAT,3273,KOTA BANDUNG,3273250,SUKASARI,32.73.01,SUKASARI,PKH,877,KELUARGA,2023
295,32,JAWA BARAT,3273,KOTA BANDUNG,3273170,SUMUR BANDUNG,32.73.19,SUMUR BANDUNG,BPNT,976,KELUARGA,2023
296,32,JAWA BARAT,3273,KOTA BANDUNG,3273170,SUMUR BANDUNG,32.73.19,SUMUR BANDUNG,PBI-JK,4028,KELUARGA,2023
297,32,JAWA BARAT,3273,KOTA BANDUNG,3273170,SUMUR BANDUNG,32.73.19,SUMUR BANDUNG,PKH,397,KELUARGA,2023
298,32,JAWA BARAT,3273,KOTA BANDUNG,3273120,UJUNG BERUNG,32.73.26,UJUNGBERUNG,BPNT,3203,KELUARGA,2023
299,32,JAWA BARAT,3273,KOTA BANDUNG,3273120,UJUNG BERUNG,32.73.26,UJUNGBERUNG,PBI-JK,17999,KELUARGA,2023
300,32,JAWA BARAT,3273,KOTA BANDUNG,3273120,UJUNG BERUNG,32.73.26,UJUNGBERUNG,PKH,1982,KELUARGA,2023
